[{"Loss": 24.317, "Routing Speed": 500, "LambdaA": 150, "LambdaB": 150, "Delay": 0.75799, "Queue Size": 64}, {"Loss": 0.0, "Routing Speed": 750, "LambdaA": 150, "LambdaB": 150, "Delay": 0.04397, "Queue Size": 64}, {"Loss": 0.0, "Routing Speed": 1000, "LambdaA": 150, "LambdaB": 150, "Delay": 0.02214, "Queue Size": 64}, {"Loss": 23.706, "Routing Speed": 500, "LambdaA": 150, "LambdaB": 150, "Delay": 1.15255, "Queue Size": 96}, {"Loss": 0.0, "Routing Speed": 750, "LambdaA": 150, "LambdaB": 150, "Delay": 0.04225, "Queue Size": 96}, {"Loss": 0.0, "Routing Speed": 1000, "LambdaA": 150, "LambdaB": 150, "Delay": 0.02244, "Queue Size": 96}, {"Loss": 23.382, "Routing Speed": 500, "LambdaA": 150, "LambdaB": 150, "Delay": 1.52697, "Queue Size": 128}, {"Loss": 0.0, "Routing Speed": 750, "LambdaA": 150, "LambdaB": 150, "Delay": 0.04583, "Queue Size": 128}, {"Loss": 0.0, "Routing Speed": 1000, "LambdaA": 150, "LambdaB": 150, "Delay": 0.02237, "Queue Size": 128}, {"Loss": 21.491, "Routing Speed": 500, "LambdaA": 150, "LambdaB": 150, "Delay": 2.28622, "Queue Size": 192}, {"Loss": 0.0, "Routing Speed": 750, "LambdaA": 150, "LambdaB": 150, "Delay": 0.04393, "Queue Size": 192}, {"Loss": 0.0, "Routing Speed": 1000, "LambdaA": 150, "LambdaB": 150, "Delay": 0.02212, "Queue Size": 192}, {"Loss": 22.721, "Routing Speed": 500, "LambdaA": 150, "LambdaB": 150, "Delay": 3.0199, "Queue Size": 256}, {"Loss": 0.0, "Routing Speed": 750, "LambdaA": 150, "LambdaB": 150, "Delay": 0.04918, "Queue Size": 256}, {"Loss": 0.0, "Routing Speed": 1000, "LambdaA": 150, "LambdaB": 150, "Delay": 0.02232, "Queue Size": 256}, {"Loss": 68.038, "Routing Speed": 500, "LambdaA": 300, "LambdaB": 300, "Delay": 0.66844, "Queue Size": 64}, {"Loss": 44.055, "Routing Speed": 750, "LambdaA": 300, "LambdaB": 300, "Delay": 0.4856, "Queue Size": 64}, {"Loss": 24.331, "Routing Speed": 1000, "LambdaA": 300, "LambdaB": 300, "Delay": 0.38361, "Queue Size": 64}, {"Loss": 67.935, "Routing Speed": 500, "LambdaA": 300, "LambdaB": 300, "Delay": 0.99263, "Queue Size": 96}, {"Loss": 44.42, "Routing Speed": 750, "LambdaA": 300, "LambdaB": 300, "Delay": 0.73389, "Queue Size": 96}, {"Loss": 25.011, "Routing Speed": 1000, "LambdaA": 300, "LambdaB": 300, "Delay": 0.57179, "Queue Size": 96}, {"Loss": 67.89, "Routing Speed": 500, "LambdaA": 300, "LambdaB": 300, "Delay": 1.30127, "Queue Size": 128}, {"Loss": 46.291, "Routing Speed": 750, "LambdaA": 300, "LambdaB": 300, "Delay": 0.95792, "Queue Size": 128}, {"Loss": 24.256, "Routing Speed": 1000, "LambdaA": 300, "LambdaB": 300, "Delay": 0.76327, "Queue Size": 128}, {"Loss": 67.461, "Routing Speed": 500, "LambdaA": 300, "LambdaB": 300, "Delay": 1.98745, "Queue Size": 192}, {"Loss": 44.356, "Routing Speed": 750, "LambdaA": 300, "LambdaB": 300, "Delay": 1.45077, "Queue Size": 192}, {"Loss": 24.386, "Routing Speed": 1000, "LambdaA": 300, "LambdaB": 300, "Delay": 1.1416, "Queue Size": 192}, {"Loss": 66.672, "Routing Speed": 500, "LambdaA": 300, "LambdaB": 300, "Delay": 2.52135, "Queue Size": 256}, {"Loss": 44.475, "Routing Speed": 750, "LambdaA": 300, "LambdaB": 300, "Delay": 1.93284, "Queue Size": 256}, {"Loss": 22.125, "Routing Speed": 1000, "LambdaA": 300, "LambdaB": 300, "Delay": 1.54018, "Queue Size": 256}, {"Loss": 75.388, "Routing Speed": 500, "LambdaA": 450, "LambdaB": 450, "Delay": 1.00025, "Queue Size": 64}, {"Loss": 66.273, "Routing Speed": 750, "LambdaA": 450, "LambdaB": 450, "Delay": 0.45337, "Queue Size": 64}, {"Loss": 54.876, "Routing Speed": 1000, "LambdaA": 450, "LambdaB": 450, "Delay": 0.35796, "Queue Size": 64}, {"Loss": 75.391, "Routing Speed": 500, "LambdaA": 450, "LambdaB": 450, "Delay": 1.49392, "Queue Size": 96}, {"Loss": 65.731, "Routing Speed": 750, "LambdaA": 450, "LambdaB": 450, "Delay": 0.62144, "Queue Size": 96}, {"Loss": 51.993, "Routing Speed": 1000, "LambdaA": 450, "LambdaB": 450, "Delay": 0.54225, "Queue Size": 96}, {"Loss": 74.903, "Routing Speed": 500, "LambdaA": 450, "LambdaB": 450, "Delay": 1.99142, "Queue Size": 128}, {"Loss": 64.593, "Routing Speed": 750, "LambdaA": 450, "LambdaB": 450, "Delay": 0.92568, "Queue Size": 128}, {"Loss": 54.508, "Routing Speed": 1000, "LambdaA": 450, "LambdaB": 450, "Delay": 0.70369, "Queue Size": 128}, {"Loss": 78.055, "Routing Speed": 500, "LambdaA": 450, "LambdaB": 450, "Delay": 2.93274, "Queue Size": 192}, {"Loss": 65.874, "Routing Speed": 750, "LambdaA": 450, "LambdaB": 450, "Delay": 1.31306, "Queue Size": 192}, {"Loss": 49.046, "Routing Speed": 1000, "LambdaA": 450, "LambdaB": 450, "Delay": 1.08924, "Queue Size": 192}, {"Loss": 80.398, "Routing Speed": 500, "LambdaA": 450, "LambdaB": 450, "Delay": 3.72554, "Queue Size": 256}, {"Loss": 66.376, "Routing Speed": 750, "LambdaA": 450, "LambdaB": 450, "Delay": 1.79439, "Queue Size": 256}, {"Loss": 52.919, "Routing Speed": 1000, "LambdaA": 450, "LambdaB": 450, "Delay": 1.39267, "Queue Size": 256}, {"Loss": 83.138, "Routing Speed": 500, "LambdaA": 600, "LambdaB": 600, "Delay": 0.90681, "Queue Size": 64}, {"Loss": 74.042, "Routing Speed": 750, "LambdaA": 600, "LambdaB": 600, "Delay": 0.51867, "Queue Size": 64}, {"Loss": 69.132, "Routing Speed": 1000, "LambdaA": 600, "LambdaB": 600, "Delay": 0.33215, "Queue Size": 64}, {"Loss": 83.528, "Routing Speed": 500, "LambdaA": 600, "LambdaB": 600, "Delay": 1.47743, "Queue Size": 96}, {"Loss": 73.696, "Routing Speed": 750, "LambdaA": 600, "LambdaB": 600, "Delay": 0.98737, "Queue Size": 96}, {"Loss": 69.276, "Routing Speed": 1000, "LambdaA": 600, "LambdaB": 600, "Delay": 0.49021, "Queue Size": 96}, {"Loss": 85.252, "Routing Speed": 500, "LambdaA": 600, "LambdaB": 600, "Delay": 1.90377, "Queue Size": 128}, {"Loss": 72.598, "Routing Speed": 750, "LambdaA": 600, "LambdaB": 600, "Delay": 0.68621, "Queue Size": 128}, {"Loss": 62.616, "Routing Speed": 1000, "LambdaA": 600, "LambdaB": 600, "Delay": 0.69741, "Queue Size": 128}, {"Loss": 82.262, "Routing Speed": 500, "LambdaA": 600, "LambdaB": 600, "Delay": 2.92032, "Queue Size": 192}, {"Loss": 74.47, "Routing Speed": 750, "LambdaA": 600, "LambdaB": 600, "Delay": 1.68579, "Queue Size": 192}, {"Loss": 69.325, "Routing Speed": 1000, "LambdaA": 600, "LambdaB": 600, "Delay": 0.97092, "Queue Size": 192}, {"Loss": 87.409, "Routing Speed": 500, "LambdaA": 600, "LambdaB": 600, "Delay": 3.41212, "Queue Size": 256}, {"Loss": 76.032, "Routing Speed": 750, "LambdaA": 600, "LambdaB": 600, "Delay": 2.37819, "Queue Size": 256}, {"Loss": 68.51, "Routing Speed": 1000, "LambdaA": 600, "LambdaB": 600, "Delay": 1.25725, "Queue Size": 256}]