[{"M/G/1 Delay": 0.0, "M/G/1 Loss": 0, "M/M/1 Delay": -0.02, "M/M/1/K Loss": 33.33333, "Average delay": 0.63246, "M/M/1/K Delay": 0.62, "M/M/1 Loss": 0, "Transmitted bandwidth": 0.0, "M/D/1 Loss": 0, "queueSize": 64.0, "Loss probability": 32.21481, "M/D/1 Delay": -0.005, "lambda": 150}, {"M/G/1 Delay": 0.0, "M/G/1 Loss": 0, "M/M/1 Delay": -0.02, "M/M/1/K Loss": 33.33333, "Average delay": 0.94647, "M/M/1/K Delay": 0.94, "M/M/1 Loss": 0, "Transmitted bandwidth": 0.0, "M/D/1 Loss": 0, "queueSize": 96.0, "Loss probability": 33.28265, "M/D/1 Delay": -0.005, "lambda": 150}, {"M/G/1 Delay": 0.0, "M/G/1 Loss": 0, "M/M/1 Delay": -0.02, "M/M/1/K Loss": 33.33333, "Average delay": 1.25789, "M/M/1/K Delay": 1.26, "M/M/1 Loss": 0, "Transmitted bandwidth": 0.0, "M/D/1 Loss": 0, "queueSize": 128.0, "Loss probability": 32.89604, "M/D/1 Delay": -0.005, "lambda": 150}, {"M/G/1 Delay": 0.0, "M/G/1 Loss": 0, "M/M/1 Delay": -0.02, "M/M/1/K Loss": 33.33333, "Average delay": 17.23423, "M/M/1/K Delay": 99.98, "M/M/1 Loss": 0, "Transmitted bandwidth": 0.0, "M/D/1 Loss": 0, "queueSize": 10000.0, "Loss probability": 0.0, "M/D/1 Delay": -0.005, "lambda": 150}, {"M/G/1 Delay": 0.0, "M/G/1 Loss": 0, "M/M/1 Delay": -0.005, "M/M/1/K Loss": 66.66667, "Average delay": 0.64304, "M/M/1/K Delay": 0.635, "M/M/1 Loss": 0, "Transmitted bandwidth": 0.0, "M/D/1 Loss": 0, "queueSize": 64.0, "Loss probability": 66.61137, "M/D/1 Delay": 0.0025, "lambda": 300}, {"M/G/1 Delay": 0.0, "M/G/1 Loss": 0, "M/M/1 Delay": -0.005, "M/M/1/K Loss": 66.66667, "Average delay": 0.95987, "M/M/1/K Delay": 0.955, "M/M/1 Loss": 0, "Transmitted bandwidth": 0.0, "M/D/1 Loss": 0, "queueSize": 96.0, "Loss probability": 66.24766, "M/D/1 Delay": 0.0025, "lambda": 300}, {"M/G/1 Delay": 0.0, "M/G/1 Loss": 0, "M/M/1 Delay": -0.005, "M/M/1/K Loss": 66.66667, "Average delay": 1.27478, "M/M/1/K Delay": 1.275, "M/M/1 Loss": 0, "Transmitted bandwidth": 0.0, "M/D/1 Loss": 0, "queueSize": 128.0, "Loss probability": 65.99517, "M/D/1 Delay": 0.0025, "lambda": 300}, {"M/G/1 Delay": 0.0, "M/G/1 Loss": 0, "M/M/1 Delay": -0.005, "M/M/1/K Loss": 66.66667, "Average delay": 33.18838, "M/M/1/K Delay": 99.995, "M/M/1 Loss": 0, "Transmitted bandwidth": 0.0, "M/D/1 Loss": 0, "queueSize": 10000.0, "Loss probability": 33.37886, "M/D/1 Delay": 0.0025, "lambda": 300}, {"M/G/1 Delay": 0.0, "M/G/1 Loss": 0, "M/M/1 Delay": -0.00286, "M/M/1/K Loss": 77.77778, "Average delay": 0.64514, "M/M/1/K Delay": 0.63714, "M/M/1 Loss": 0, "Transmitted bandwidth": 0.0, "M/D/1 Loss": 0, "queueSize": 64.0, "Loss probability": 77.97474, "M/D/1 Delay": 0.00357, "lambda": 450}, {"M/G/1 Delay": 0.0, "M/G/1 Loss": 0, "M/M/1 Delay": -0.00286, "M/M/1/K Loss": 77.77778, "Average delay": 0.9618, "M/M/1/K Delay": 0.95714, "M/M/1 Loss": 0, "Transmitted bandwidth": 0.0, "M/D/1 Loss": 0, "queueSize": 96.0, "Loss probability": 77.62808, "M/D/1 Delay": 0.00357, "lambda": 450}, {"M/G/1 Delay": 0.0, "M/G/1 Loss": 0, "M/M/1 Delay": -0.00286, "M/M/1/K Loss": 77.77778, "Average delay": 1.27734, "M/M/1/K Delay": 1.27714, "M/M/1 Loss": 0, "Transmitted bandwidth": 0.0, "M/D/1 Loss": 0, "queueSize": 128.0, "Loss probability": 77.6058, "M/D/1 Delay": 0.00357, "lambda": 450}, {"M/G/1 Delay": 0.0, "M/G/1 Loss": 0, "M/M/1 Delay": -0.00286, "M/M/1/K Loss": 77.77778, "Average delay": 38.91887, "M/M/1/K Delay": 99.99714, "M/M/1 Loss": 0, "Transmitted bandwidth": 0.0, "M/D/1 Loss": 0, "queueSize": 10000.0, "Loss probability": 55.74046, "M/D/1 Delay": 0.00357, "lambda": 450}]