[{"Loss": 0.0, "Routing Speed": 500, "LambdaA": 150, "LambdaB": 150, "Delay": 0.00977, "Queue Size": 64}, {"Loss": 0.0, "Routing Speed": 750, "LambdaA": 150, "LambdaB": 150, "Delay": 0.00662, "Queue Size": 64}, {"Loss": 0.0, "Routing Speed": 1000, "LambdaA": 150, "LambdaB": 150, "Delay": 0.00542, "Queue Size": 64}, {"Loss": 0.0, "Routing Speed": 500, "LambdaA": 150, "LambdaB": 150, "Delay": 0.00978, "Queue Size": 96}, {"Loss": 0.0, "Routing Speed": 750, "LambdaA": 150, "LambdaB": 150, "Delay": 0.00662, "Queue Size": 96}, {"Loss": 0.0, "Routing Speed": 1000, "LambdaA": 150, "LambdaB": 150, "Delay": 0.0054, "Queue Size": 96}, {"Loss": 0.0, "Routing Speed": 500, "LambdaA": 150, "LambdaB": 150, "Delay": 0.00974, "Queue Size": 128}, {"Loss": 0.0, "Routing Speed": 750, "LambdaA": 150, "LambdaB": 150, "Delay": 0.00661, "Queue Size": 128}, {"Loss": 0.0, "Routing Speed": 1000, "LambdaA": 150, "LambdaB": 150, "Delay": 0.00544, "Queue Size": 128}, {"Loss": 0.0, "Routing Speed": 500, "LambdaA": 150, "LambdaB": 150, "Delay": 0.00983, "Queue Size": 192}, {"Loss": 0.0, "Routing Speed": 750, "LambdaA": 150, "LambdaB": 150, "Delay": 0.00664, "Queue Size": 192}, {"Loss": 0.0, "Routing Speed": 1000, "LambdaA": 150, "LambdaB": 150, "Delay": 0.0054, "Queue Size": 192}, {"Loss": 0.0, "Routing Speed": 500, "LambdaA": 150, "LambdaB": 150, "Delay": 0.00975, "Queue Size": 256}, {"Loss": 0.0, "Routing Speed": 750, "LambdaA": 150, "LambdaB": 150, "Delay": 0.00665, "Queue Size": 256}, {"Loss": 0.0, "Routing Speed": 1000, "LambdaA": 150, "LambdaB": 150, "Delay": 0.0054, "Queue Size": 256}, {"Loss": 17.115, "Routing Speed": 500, "LambdaA": 300, "LambdaB": 300, "Delay": 0.13311, "Queue Size": 64}, {"Loss": 0.0, "Routing Speed": 750, "LambdaA": 300, "LambdaB": 300, "Delay": 0.00917, "Queue Size": 64}, {"Loss": 0.0, "Routing Speed": 1000, "LambdaA": 300, "LambdaB": 300, "Delay": 0.0063, "Queue Size": 64}, {"Loss": 16.406, "Routing Speed": 500, "LambdaA": 300, "LambdaB": 300, "Delay": 0.196, "Queue Size": 96}, {"Loss": 0.0, "Routing Speed": 750, "LambdaA": 300, "LambdaB": 300, "Delay": 0.00926, "Queue Size": 96}, {"Loss": 0.0, "Routing Speed": 1000, "LambdaA": 300, "LambdaB": 300, "Delay": 0.0063, "Queue Size": 96}, {"Loss": 16.13, "Routing Speed": 500, "LambdaA": 300, "LambdaB": 300, "Delay": 0.25949, "Queue Size": 128}, {"Loss": 0.0, "Routing Speed": 750, "LambdaA": 300, "LambdaB": 300, "Delay": 0.00909, "Queue Size": 128}, {"Loss": 0.0, "Routing Speed": 1000, "LambdaA": 300, "LambdaB": 300, "Delay": 0.00633, "Queue Size": 128}, {"Loss": 16.573, "Routing Speed": 500, "LambdaA": 300, "LambdaB": 300, "Delay": 0.38499, "Queue Size": 192}, {"Loss": 0.0, "Routing Speed": 750, "LambdaA": 300, "LambdaB": 300, "Delay": 0.00911, "Queue Size": 192}, {"Loss": 0.0, "Routing Speed": 1000, "LambdaA": 300, "LambdaB": 300, "Delay": 0.00632, "Queue Size": 192}, {"Loss": 16.701, "Routing Speed": 500, "LambdaA": 300, "LambdaB": 300, "Delay": 0.51097, "Queue Size": 256}, {"Loss": 0.0, "Routing Speed": 750, "LambdaA": 300, "LambdaB": 300, "Delay": 0.00932, "Queue Size": 256}, {"Loss": 0.0, "Routing Speed": 1000, "LambdaA": 300, "LambdaB": 300, "Delay": 0.00634, "Queue Size": 256}, {"Loss": 44.228, "Routing Speed": 500, "LambdaA": 450, "LambdaB": 450, "Delay": 0.14373, "Queue Size": 64}, {"Loss": 16.877, "Routing Speed": 750, "LambdaA": 450, "LambdaB": 450, "Delay": 0.08949, "Queue Size": 64}, {"Loss": 0.0, "Routing Speed": 1000, "LambdaA": 450, "LambdaB": 450, "Delay": 0.011, "Queue Size": 64}, {"Loss": 44.225, "Routing Speed": 500, "LambdaA": 450, "LambdaB": 450, "Delay": 0.20805, "Queue Size": 96}, {"Loss": 16.371, "Routing Speed": 750, "LambdaA": 450, "LambdaB": 450, "Delay": 0.13193, "Queue Size": 96}, {"Loss": 0.0, "Routing Speed": 1000, "LambdaA": 450, "LambdaB": 450, "Delay": 0.0109, "Queue Size": 96}, {"Loss": 44.342, "Routing Speed": 500, "LambdaA": 450, "LambdaB": 450, "Delay": 0.27138, "Queue Size": 128}, {"Loss": 17.028, "Routing Speed": 750, "LambdaA": 450, "LambdaB": 450, "Delay": 0.17384, "Queue Size": 128}, {"Loss": 0.0, "Routing Speed": 1000, "LambdaA": 450, "LambdaB": 450, "Delay": 0.01093, "Queue Size": 128}, {"Loss": 44.13, "Routing Speed": 500, "LambdaA": 450, "LambdaB": 450, "Delay": 0.39865, "Queue Size": 192}, {"Loss": 16.067, "Routing Speed": 750, "LambdaA": 450, "LambdaB": 450, "Delay": 0.25802, "Queue Size": 192}, {"Loss": 0.0, "Routing Speed": 1000, "LambdaA": 450, "LambdaB": 450, "Delay": 0.01066, "Queue Size": 192}, {"Loss": 43.527, "Routing Speed": 500, "LambdaA": 450, "LambdaB": 450, "Delay": 0.52428, "Queue Size": 256}, {"Loss": 16.345, "Routing Speed": 750, "LambdaA": 450, "LambdaB": 450, "Delay": 0.34298, "Queue Size": 256}, {"Loss": 0.0, "Routing Speed": 1000, "LambdaA": 450, "LambdaB": 450, "Delay": 0.0105, "Queue Size": 256}, {"Loss": 58.17, "Routing Speed": 500, "LambdaA": 600, "LambdaB": 600, "Delay": 0.25839, "Queue Size": 64}, {"Loss": 37.572, "Routing Speed": 750, "LambdaA": 600, "LambdaB": 600, "Delay": 0.0935, "Queue Size": 64}, {"Loss": 16.285, "Routing Speed": 1000, "LambdaA": 600, "LambdaB": 600, "Delay": 0.07147, "Queue Size": 64}, {"Loss": 57.813, "Routing Speed": 500, "LambdaA": 600, "LambdaB": 600, "Delay": 0.38515, "Queue Size": 96}, {"Loss": 37.359, "Routing Speed": 750, "LambdaA": 600, "LambdaB": 600, "Delay": 0.13605, "Queue Size": 96}, {"Loss": 16.138, "Routing Speed": 1000, "LambdaA": 600, "LambdaB": 600, "Delay": 0.10359, "Queue Size": 96}, {"Loss": 58.117, "Routing Speed": 500, "LambdaA": 600, "LambdaB": 600, "Delay": 0.51122, "Queue Size": 128}, {"Loss": 37.358, "Routing Speed": 750, "LambdaA": 600, "LambdaB": 600, "Delay": 0.17846, "Queue Size": 128}, {"Loss": 16.412, "Routing Speed": 1000, "LambdaA": 600, "LambdaB": 600, "Delay": 0.13534, "Queue Size": 128}, {"Loss": 57.855, "Routing Speed": 500, "LambdaA": 600, "LambdaB": 600, "Delay": 0.76288, "Queue Size": 192}, {"Loss": 37.285, "Routing Speed": 750, "LambdaA": 600, "LambdaB": 600, "Delay": 0.26339, "Queue Size": 192}, {"Loss": 16.248, "Routing Speed": 1000, "LambdaA": 600, "LambdaB": 600, "Delay": 0.19876, "Queue Size": 192}, {"Loss": 57.657, "Routing Speed": 500, "LambdaA": 600, "LambdaB": 600, "Delay": 1.01346, "Queue Size": 256}, {"Loss": 37.225, "Routing Speed": 750, "LambdaA": 600, "LambdaB": 600, "Delay": 0.34811, "Queue Size": 256}, {"Loss": 16.46, "Routing Speed": 1000, "LambdaA": 600, "LambdaB": 600, "Delay": 0.26305, "Queue Size": 256}]