[{"date":"July 2001","in_traffic":690,"out_traffic":687},{"date":"August 2001","in_traffic":768,"out_traffic":771},{"date":"September 2001","in_traffic":896,"out_traffic":919},{"date":"October 2001","in_traffic":1050,"out_traffic":1058},{"date":"November 2001","in_traffic":1198,"out_traffic":1201},{"date":"December 2001","in_traffic":1222,"out_traffic":1225},{"date":"January 2002","in_traffic":1349,"out_traffic":1350},{"date":"February 2002","in_traffic":1451,"out_traffic":1475},{"date":"March 2002","in_traffic":1532,"out_traffic":1533},{"date":"April 2002","in_traffic":1672,"out_traffic":1671},{"date":"May 2002","in_traffic":1962,"out_traffic":1961},{"date":"June 2002","in_traffic":2108,"out_traffic":2136},{"date":"July 2002","in_traffic":2260,"out_traffic":2257},{"date":"August 2002","in_traffic":2445,"out_traffic":2440},{"date":"September 2002","in_traffic":2541,"out_traffic":2540},{"date":"October 2002","in_traffic":2774,"out_traffic":2828},{"date":"November 2002","in_traffic":2881,"out_traffic":2896},{"date":"December 2002","in_traffic":3055,"out_traffic":3068},{"date":"January 2003","in_traffic":3239,"out_traffic":3288},{"date":"February 2003","in_traffic":3535,"out_traffic":3546},{"date":"March 2003","in_traffic":3618,"out_traffic":3618},{"date":"April 2003","in_traffic":3678,"out_traffic":3673},{"date":"May 2003","in_traffic":3857,"out_traffic":3857},{"date":"June 2003","in_traffic":3824,"out_traffic":3822},{"date":"July 2003","in_traffic":3729,"out_traffic":3728},{"date":"August 2003","in_traffic":3820,"out_traffic":3819},{"date":"September 2003","in_traffic":4170,"out_traffic":4168},{"date":"October 2003","in_traffic":4447,"out_traffic":4443},{"date":"November 2003","in_traffic":4936,"out_traffic":4933},{"date":"December 2003","in_traffic":5210,"out_traffic":5220},{"date":"January 2004","in_traffic":5737,"out_traffic":5736},{"date":"February 2004","in_traffic":6070,"out_traffic":6069},{"date":"March 2004","in_traffic":6441,"out_traffic":6441},{"date":"April 2004","in_traffic":6757,"out_traffic":6757},{"date":"May 2004","in_traffic":6963,"out_traffic":6966},{"date":"June 2004","in_traffic":7102,"out_traffic":7104},{"date":"July 2004","in_traffic":7268,"out_traffic":7271},{"date":"August 2004","in_traffic":7817,"out_traffic":7819},{"date":"September 2004","in_traffic":8874,"out_traffic":8872},{"date":"October 2004","in_traffic":9789,"out_traffic":9786},{"date":"November 2004","in_traffic":10641,"out_traffic":10639},{"date":"December 2004","in_traffic":11129,"out_traffic":11119},{"date":"January 2005","in_traffic":12435,"out_traffic":12421},{"date":"February 2005","in_traffic":12553,"out_traffic":12544},{"date":"March 2005","in_traffic":14227,"out_traffic":14222},{"date":"April 2005","in_traffic":15079,"out_traffic":15073},{"date":"May 2005","in_traffic":15912,"out_traffic":15905},{"date":"June 2005","in_traffic":16280,"out_traffic":16238},{"date":"July 2005","in_traffic":16486,"out_traffic":16490},{"date":"August 2005","in_traffic":19060,"out_traffic":19049},{"date":"September 2005","in_traffic":21255,"out_traffic":21237},{"date":"October 2005","in_traffic":23804,"out_traffic":23780},{"date":"November 2005","in_traffic":25985,"out_traffic":25956},{"date":"December 2005","in_traffic":26402,"out_traffic":26376},{"date":"January 2006","in_traffic":29131,"out_traffic":29107},{"date":"February 2006","in_traffic":29056,"out_traffic":29031},{"date":"March 2006","in_traffic":32291,"out_traffic":32263},{"date":"April 2006","in_traffic":32540,"out_traffic":32517},{"date":"May 2006","in_traffic":32458,"out_traffic":32432},{"date":"June 2006","in_traffic":31087,"out_traffic":31087},{"date":"July 2006","in_traffic":29583,"out_traffic":29561},{"date":"August 2006","in_traffic":35127,"out_traffic":34984},{"date":"September 2006","in_traffic":37797,"out_traffic":37770},{"date":"October 2006","in_traffic":40249,"out_traffic":40218},{"date":"November 2006","in_traffic":44413,"out_traffic":44375},{"date":"December 2006","in_traffic":47368,"out_traffic":47315},{"date":"January 2007","in_traffic":51110,"out_traffic":51095},{"date":"February 2007","in_traffic":49377,"out_traffic":49326},{"date":"March 2007","in_traffic":56698,"out_traffic":56697},{"date":"April 2007","in_traffic":54253,"out_traffic":54226},{"date":"May 2007","in_traffic":60755,"out_traffic":60683},{"date":"June 2007","in_traffic":58052,"out_traffic":58048},{"date":"July 2007","in_traffic":59255,"out_traffic":59207},{"date":"August 2007","in_traffic":62913,"out_traffic":62840},{"date":"September 2007","in_traffic":67014,"out_traffic":66983},{"date":"October 2007","in_traffic":71959,"out_traffic":71995},{"date":"November 2007","in_traffic":75809,"out_traffic":75729},{"date":"December 2007","in_traffic":82121,"out_traffic":82084},{"date":"January 2008","in_traffic":85712,"out_traffic":85723},{"date":"February 2008","in_traffic":79102,"out_traffic":79067},{"date":"March 2008","in_traffic":88510,"out_traffic":88655},{"date":"April 2008","in_traffic":84483,"out_traffic":84472},{"date":"May 2008","in_traffic":84121,"out_traffic":84116},{"date":"June 2008","in_traffic":82287,"out_traffic":82390},{"date":"July 2008","in_traffic":83014,"out_traffic":83006},{"date":"August 2008","in_traffic":89759,"out_traffic":90050},{"date":"September 2008","in_traffic":95561,"out_traffic":95602},{"date":"October 2008","in_traffic":109978,"out_traffic":109949},{"date":"November 2008","in_traffic":120294,"out_traffic":120224},{"date":"December 2008","in_traffic":127157,"out_traffic":127104},{"date":"January 2009","in_traffic":135305,"out_traffic":135252},{"date":"February 2009","in_traffic":127810,"out_traffic":127874},{"date":"March 2009","in_traffic":139914,"out_traffic":139674},{"date":"April 2009","in_traffic":129175,"out_traffic":128962},{"date":"May 2009","in_traffic":136618,"out_traffic":136425},{"date":"June 2009","in_traffic":136004,"out_traffic":135709},{"date":"July 2009","in_traffic":133002,"out_traffic":133040},{"date":"August 2009","in_traffic":138643,"out_traffic":138616},{"date":"September 2009","in_traffic":150897,"out_traffic":150840},{"date":"October 2009","in_traffic":169014,"out_traffic":168855},{"date":"November 2009","in_traffic":173556,"out_traffic":173498},{"date":"December 2009","in_traffic":179905,"out_traffic":179706},{"date":"January 2010","in_traffic":186950,"out_traffic":186899},{"date":"February 2010","in_traffic":177485,"out_traffic":177429},{"date":"March 2010","in_traffic":197277,"out_traffic":197099},{"date":"April 2010","in_traffic":188311,"out_traffic":188285},{"date":"May 2010","in_traffic":201093,"out_traffic":201120},{"date":"June 2010","in_traffic":187803,"out_traffic":187759},{"date":"July 2010","in_traffic":186282,"out_traffic":186152},{"date":"August 2010","in_traffic":198971,"out_traffic":198999},{"date":"September 2010","in_traffic":209657,"out_traffic":209831},{"date":"October 2010","in_traffic":232111,"out_traffic":232145},{"date":"November 2010","in_traffic":236638,"out_traffic":236657},{"date":"December 2010","in_traffic":254300,"out_traffic":254077},{"date":"January 2011","in_traffic":261957,"out_traffic":261945},{"date":"February 2011","in_traffic":243915,"out_traffic":243955},{"date":"March 2011","in_traffic":262317,"out_traffic":262326},{"date":"April 2011","in_traffic":247194,"out_traffic":247220},{"date":"May 2011","in_traffic":261465,"out_traffic":261515},{"date":"June 2011","in_traffic":260585,"out_traffic":260815},{"date":"July 2011","in_traffic":261665,"out_traffic":261683},{"date":"August 2011","in_traffic":263887,"out_traffic":263893},{"date":"September 2011","in_traffic":260054,"out_traffic":260025},{"date":"October 2011","in_traffic":295134,"out_traffic":295101},{"date":"November 2011","in_traffic":295555,"out_traffic":295578},{"date":"December 2011","in_traffic":301413,"out_traffic":301435},{"date":"January 2012","in_traffic":316080,"out_traffic":316022},{"date":"February 2012","in_traffic":296046,"out_traffic":296030},{"date":"March 2012","in_traffic":312935,"out_traffic":312915},{"date":"April 2012","in_traffic":318351,"out_traffic":318207},{"date":"May 2012","in_traffic":318661,"out_traffic":318643},{"date":"June 2012","in_traffic":314126,"out_traffic":314107},{"date":"July 2012","in_traffic":314491,"out_traffic":314381},{"date":"August 2012","in_traffic":336951,"out_traffic":336891},{"date":"September 2012","in_traffic":362904,"out_traffic":362616},{"date":"October 2012","in_traffic":405698,"out_traffic":405609},{"date":"November 2012","in_traffic":414400,"out_traffic":413953},{"date":"December 2012","in_traffic":428839,"out_traffic":428809},{"date":"January 2013","in_traffic":444042,"out_traffic":444042},{"date":"February 2013","in_traffic":410057,"out_traffic":409906},{"date":"March 2013","in_traffic":458889,"out_traffic":458767},{"date":"April 2013","in_traffic":429459,"out_traffic":429410},{"date":"May 2013","in_traffic":453306,"out_traffic":453291},{"date":"June 2013","in_traffic":438123,"out_traffic":438064},{"date":"July 2013","in_traffic":436001,"out_traffic":436425},{"date":"August 2013","in_traffic":463045,"out_traffic":463218},{"date":"September 2013","in_traffic":479324,"out_traffic":479125},{"date":"October 2013","in_traffic":510833,"out_traffic":510541},{"date":"November 2013","in_traffic":511674,"out_traffic":511331},{"date":"December 2013","in_traffic":543973,"out_traffic":543675},{"date":"January 2014","in_traffic":577990,"out_traffic":577835},{"date":"February 2014","in_traffic":517598,"out_traffic":517406},{"date":"March 2014","in_traffic":570113,"out_traffic":570014},{"date":"April 2014","in_traffic":548569,"out_traffic":548550},{"date":"May 2014","in_traffic":591496,"out_traffic":591449},{"date":"June 2014","in_traffic":570756,"out_traffic":570872},{"date":"July 2014","in_traffic":571791,"out_traffic":571738},{"date":"August 2014","in_traffic":583672,"out_traffic":583613},{"date":"September 2014","in_traffic":604635,"out_traffic":604479},{"date":"October 2014","in_traffic":663548,"out_traffic":662459},{"date":"November 2014","in_traffic":663009,"out_traffic":662547},{"date":"December 2014","in_traffic":679438,"out_traffic":679254},{"date":"January 2015","in_traffic":694522,"out_traffic":694280},{"date":"February 2015","in_traffic":645772,"out_traffic":645671},{"date":"March 2015","in_traffic":717326,"out_traffic":717245},{"date":"April 2015","in_traffic":711409,"out_traffic":711262},{"date":"May 2015","in_traffic":727782,"out_traffic":727741},{"date":"June 2015","in_traffic":695860,"out_traffic":695873},{"date":"July 2015","in_traffic":729977,"out_traffic":730419},{"date":"August 2015","in_traffic":777774,"out_traffic":777841},{"date":"September 2015","in_traffic":811377,"out_traffic":811121},{"date":"October 2015","in_traffic":857994,"out_traffic":857995},{"date":"November 2015","in_traffic":827538,"out_traffic":826915},{"date":"December 2015","in_traffic":863195,"out_traffic":863054},{"date":"January 2016","in_traffic":916769,"out_traffic":916413},{"date":"February 2016","in_traffic":872916,"out_traffic":872758}]
